<ns1:FinansbilagLeverance xmlns:ns1="urn:oio:kl:kdi:oir:1590_A_V2">
    <ns1:FinansLeverancedataAfgivendeMyndighed>urn:oio:cvr-nr:55133018</ns1:FinansLeverancedataAfgivendeMyndighed>
    <ns1:FinansLeverancedataBogforingsansvarligMyndighed>urn:oio:cvr-nr:55133018</ns1:FinansLeverancedataBogforingsansvarligMyndighed>
    <ns1:FinansLeverancedataAfgivendeITSystem>6cfc6b02-25c9-45b6-894a-6f1aab52c9e9</ns1:FinansLeverancedataAfgivendeITSystem>
    <ns1:FinansLeverancedataTransaktionsID>93e8dfb9-bb8b-4f62-90cf-bb86ed661ef7</ns1:FinansLeverancedataTransaktionsID>
    <ns1:FinansLeverancedataRegistreringstidspunkt>2016-12-01T09:10:11</ns1:FinansLeverancedataRegistreringstidspunkt>
    <ns1:FinansLeverancedataAntalFinansbilag>1</ns1:FinansLeverancedataAntalFinansbilag>
    <ns1:FinansLeverancedataAntalPosteringer>2</ns1:FinansLeverancedataAntalPosteringer>
    <ns1:FinansLeverancedataSumAfDebetPosteringer>20000</ns1:FinansLeverancedataSumAfDebetPosteringer>
    <ns1:FinansLeverancedataSumAfKreditPosteringer>20000</ns1:FinansLeverancedataSumAfKreditPosteringer>
    <ns1:Finansbilag>
     <ns1:FinansbilagUnikIdentifikation>7ab2d39b-7e9b-4ed7-baf2-efb263558262</ns1:FinansbilagUnikIdentifikation>
     <ns1:FinansbilagBilagsreference>                                                            KYREF00002</ns1:FinansbilagBilagsreference>
     <ns1:FinansbilagBogforingsdato>2016-12-01</ns1:FinansbilagBogforingsdato>
     <ns1:FinansbilagPeriode>201612</ns1:FinansbilagPeriode>
     <ns1:FinansbilagFirmakode>1a2414bf-c4df-4874-b842-83d280a8a6d7</ns1:FinansbilagFirmakode>
     <ns1:FinansbilagVirksomhed>                 urn:oio:cvr-nr:55133018</ns1:FinansbilagVirksomhed>
     <ns1:FinansbilagBilagstitel>                                                     Integrationstest2</ns1:FinansbilagBilagstitel>
     <ns1:FinansbilagBilagsdato>2016-12-01</ns1:FinansbilagBilagsdato>
     <ns1:FinansbilagErAccepteretAfBogforingssystem>false</ns1:FinansbilagErAccepteretAfBogforingssystem>
     <ns1:Bilag>
      <ns1:BilagFil>a121Da</ns1:BilagFil>
      <ns1:BilagFilType>d141a903-329c-4288-bb88-5c3fac960eae</ns1:BilagFilType>
     </ns1:Bilag>
     <ns1:Posteringsdata>
      <ns1:PosteringsdataUnikIdentifikation>07e778a0-7769-4e45-88bf-5851f6f3ac85</ns1:PosteringsdataUnikIdentifikation>
      <ns1:PosteringsdataBelob>20000</ns1:PosteringsdataBelob>
      <ns1:Valuta>
       <ns1:ValutaValuta>DKK</ns1:ValutaValuta>
       <ns1:ValutaKurs>100</ns1:ValutaKurs>
       <ns1:ValutaOmregningsdato>2016-12-01</ns1:ValutaOmregningsdato>
      </ns1:Valuta>
      <ns1:PosteringsdataDebitKreditIndikator>D</ns1:PosteringsdataDebitKreditIndikator>
      <ns1:PosteringsdataValordato>2016-12-01</ns1:PosteringsdataValordato>
      <ns1:PosteringsdataPosteringstekst>Testscenarie 2</ns1:PosteringsdataPosteringstekst>
      <ns1:PosteringsdataAllokeringsfelt>KY123</ns1:PosteringsdataAllokeringsfelt>
      <ns1:Ydelsesperiode>
       <ns1:PosteringsdataYdelsesperiodeStartDato>20161001</ns1:PosteringsdataYdelsesperiodeStartDato>
       <ns1:PosteringsdataYdelsesperiodeSlutDato>20161031</ns1:PosteringsdataYdelsesperiodeSlutDato>
      </ns1:Ydelsesperiode>
      <ns1:Referencenogle>
       <ns1:ReferencenogleType>d0e36899-1932-4038-ad79-fc2bbe9593f0</ns1:ReferencenogleType>
       <ns1:ReferencenogleVaerdi>KYreference</ns1:ReferencenogleVaerdi>
      </ns1:Referencenogle>
      <ns1:Registrantbogforing>
       <ns1:RegistrantbogforingFolsomhed>1d81c472-0808-44cc-963d-f5ef0170ae1d</ns1:RegistrantbogforingFolsomhed>
       <ns1:Betalingsmodtager>
        <ns1:BetalingsmodtagerPartIDType>82f93186-6e12-41f3-8b74-e3f3957ec4b7</ns1:BetalingsmodtagerPartIDType>
        <ns1:BetalingsmodtagerPartID>3101824844</ns1:BetalingsmodtagerPartID>
       </ns1:Betalingsmodtager>
       <ns1:Ydelsesmodtager>
        <ns1:YdelsesmodtagerPartIDType>82f93186-6e12-41f3-8b74-e3f3957ec4b7</ns1:YdelsesmodtagerPartIDType>
        <ns1:YdelsesmodtagerPartID>3101824844</ns1:YdelsesmodtagerPartID>
       </ns1:Ydelsesmodtager>
      </ns1:Registrantbogforing>
      <ns1:PrimaereDimensioner>
       <ns1:PrimaereDimensionerOrganisatoriskReference>fed955f4-03e1-4bc0-8ce8-77fc57251ba5</ns1:PrimaereDimensionerOrganisatoriskReference>
       <ns1:PrimaereDimensionerKonto>a6677bc0-1bcd-42a9-8028-68bab1edc1cf</ns1:PrimaereDimensionerKonto>
       <ns1:PrimaereDimensionerEjerforhold>f35ffc5a-719c-4732-91df-5b1b39659b50</ns1:PrimaereDimensionerEjerforhold>
       <ns1:PrimaereDimensionerOmkostningssted>b682b6e1-6aad-42b2-970e-2b4983d1a840</ns1:PrimaereDimensionerOmkostningssted>
       <ns1:PrimaereDimensionerArt>36de2925-4ffd-4e52-9571-954ec36d1f9d</ns1:PrimaereDimensionerArt>
      </ns1:PrimaereDimensioner>
      <ns1:SekundaereDimensioner>
       <ns1:SekundaereDimensionerVaerdi>2228ef25-af11-46ac-8bc8-f5269c35680a</ns1:SekundaereDimensionerVaerdi>
      </ns1:SekundaereDimensioner>
      <ns1:SekundaereDimensioner>
       <ns1:SekundaereDimensionerVaerdi>ab081b5d-aa9b-421c-8f88-6fbf3687d5dd</ns1:SekundaereDimensionerVaerdi>
      </ns1:SekundaereDimensioner>
     </ns1:Posteringsdata>
     <ns1:Posteringsdata>
      <ns1:PosteringsdataUnikIdentifikation>73b6a889-3b01-4274-bb65-02b2e9f6690c</ns1:PosteringsdataUnikIdentifikation>
      <ns1:PosteringsdataBelob>20000</ns1:PosteringsdataBelob>
      <ns1:Valuta>
       <ns1:ValutaValuta>DKK</ns1:ValutaValuta>
       <ns1:ValutaKurs>100</ns1:ValutaKurs>
       <ns1:ValutaOmregningsdato>2016-12-01</ns1:ValutaOmregningsdato>
      </ns1:Valuta>
      <ns1:PosteringsdataDebitKreditIndikator>K</ns1:PosteringsdataDebitKreditIndikator>
      <ns1:PosteringsdataValordato>2016-12-01</ns1:PosteringsdataValordato>
      <ns1:PosteringsdataPosteringstekst>Testscenarie 2</ns1:PosteringsdataPosteringstekst>
      <ns1:PosteringsdataAllokeringsfelt>KY123</ns1:PosteringsdataAllokeringsfelt>
      <ns1:PrimaereDimensioner>
       <ns1:PrimaereDimensionerOrganisatoriskReference>fed955f4-03e1-4bc0-8ce8-77fc57251ba5</ns1:PrimaereDimensionerOrganisatoriskReference>
       <ns1:PrimaereDimensionerKonto>adc70fea-b9fd-4957-9a2a-543095c7d978</ns1:PrimaereDimensionerKonto>
       <ns1:PrimaereDimensionerEjerforhold>f35ffc5a-719c-4732-91df-5b1b39659b50</ns1:PrimaereDimensionerEjerforhold>
       <ns1:PrimaereDimensionerOmkostningssted>b682b6e1-6aad-42b2-970e-2b4983d1a840</ns1:PrimaereDimensionerOmkostningssted>
       <ns1:PrimaereDimensionerArt>6ca95477-3966-4fc8-a2e9-592a219ef45b</ns1:PrimaereDimensionerArt>
      </ns1:PrimaereDimensioner>
      <ns1:SekundaereDimensioner>
       <ns1:SekundaereDimensionerVaerdi>727bcc11-90d1-490d-8ded-2514df56144c</ns1:SekundaereDimensionerVaerdi>
      </ns1:SekundaereDimensioner>
     </ns1:Posteringsdata>
    </ns1:Finansbilag>
   </ns1:FinansbilagLeverance>